score_id,bundle_id,bundle_size,model_version,draw_date,draw_id,strategy,line_id,n1,n2,n3,n4,n5,mega,matched_mains,main_match_count,mega_hit,official_prize_category
score-2026-07-25-f5ae88020df3c4c0,slp-2026-07-25-v1-765d7003bbcfc8f7,60,slp-robust-fair-coverage-v5,2026-07-25,4102,aggressive,1,18,24,25,37,43,3,,0,no,No prize
score-2026-07-25-f5ae88020df3c4c0,slp-2026-07-25-v1-765d7003bbcfc8f7,60,slp-robust-fair-coverage-v5,2026-07-25,4102,aggressive,2,3,4,28,30,36,7,3 28,2,no,No prize
score-2026-07-25-f5ae88020df3c4c0,slp-2026-07-25-v1-765d7003bbcfc8f7,60,slp-robust-fair-coverage-v5,2026-07-25,4102,aggressive,3,5,14,19,34,37,27,34,1,no,No prize
score-2026-07-25-f5ae88020df3c4c0,slp-2026-07-25-v1-765d7003bbcfc8f7,60,slp-robust-fair-coverage-v5,2026-07-25,4102,aggressive,4,15,18,33,45,46,4,,0,no,No prize
score-2026-07-25-f5ae88020df3c4c0,slp-2026-07-25-v1-765d7003bbcfc8f7,60,slp-robust-fair-coverage-v5,2026-07-25,4102,aggressive,5,16,21,25,26,41,20,,0,no,No prize
score-2026-07-25-f5ae88020df3c4c0,slp-2026-07-25-v1-765d7003bbcfc8f7,60,slp-robust-fair-coverage-v5,2026-07-25,4102,aggressive,6,13,22,29,42,43,6,29,1,no,No prize
score-2026-07-25-f5ae88020df3c4c0,slp-2026-07-25-v1-765d7003bbcfc8f7,60,slp-robust-fair-coverage-v5,2026-07-25,4102,balanced,1,15,38,39,40,47,18,,0,no,No prize
score-2026-07-25-f5ae88020df3c4c0,slp-2026-07-25-v1-765d7003bbcfc8f7,60,slp-robust-fair-coverage-v5,2026-07-25,4102,balanced,2,2,3,7,18,29,2,3 29,2,no,No prize
score-2026-07-25-f5ae88020df3c4c0,slp-2026-07-25-v1-765d7003bbcfc8f7,60,slp-robust-fair-coverage-v5,2026-07-25,4102,balanced,3,5,7,33,41,44,9,,0,no,No prize
score-2026-07-25-f5ae88020df3c4c0,slp-2026-07-25-v1-765d7003bbcfc8f7,60,slp-robust-fair-coverage-v5,2026-07-25,4102,balanced,4,1,17,19,38,41,23,,0,no,No prize
score-2026-07-25-f5ae88020df3c4c0,slp-2026-07-25-v1-765d7003bbcfc8f7,60,slp-robust-fair-coverage-v5,2026-07-25,4102,aggressive,7,13,15,19,25,36,2,,0,no,No prize
score-2026-07-25-f5ae88020df3c4c0,slp-2026-07-25-v1-765d7003bbcfc8f7,60,slp-robust-fair-coverage-v5,2026-07-25,4102,aggressive,8,14,27,33,36,40,11,27,1,no,No prize
score-2026-07-25-f5ae88020df3c4c0,slp-2026-07-25-v1-765d7003bbcfc8f7,60,slp-robust-fair-coverage-v5,2026-07-25,4102,aggressive,9,6,23,29,39,45,17,29,1,no,No prize
score-2026-07-25-f5ae88020df3c4c0,slp-2026-07-25-v1-765d7003bbcfc8f7,60,slp-robust-fair-coverage-v5,2026-07-25,4102,conservative,1,8,31,36,45,47,26,,0,no,No prize
score-2026-07-25-f5ae88020df3c4c0,slp-2026-07-25-v1-765d7003bbcfc8f7,60,slp-robust-fair-coverage-v5,2026-07-25,4102,balanced,5,14,29,30,32,35,18,29,1,no,No prize
score-2026-07-25-f5ae88020df3c4c0,slp-2026-07-25-v1-765d7003bbcfc8f7,60,slp-robust-fair-coverage-v5,2026-07-25,4102,balanced,6,4,8,10,14,38,10,,0,no,No prize
score-2026-07-25-f5ae88020df3c4c0,slp-2026-07-25-v1-765d7003bbcfc8f7,60,slp-robust-fair-coverage-v5,2026-07-25,4102,conservative,2,11,16,29,40,44,25,29,1,no,No prize
score-2026-07-25-f5ae88020df3c4c0,slp-2026-07-25-v1-765d7003bbcfc8f7,60,slp-robust-fair-coverage-v5,2026-07-25,4102,conservative,3,6,20,27,28,43,4,27 28,2,no,No prize
score-2026-07-25-f5ae88020df3c4c0,slp-2026-07-25-v1-765d7003bbcfc8f7,60,slp-robust-fair-coverage-v5,2026-07-25,4102,conservative,4,1,4,9,13,47,9,,0,no,No prize
score-2026-07-25-f5ae88020df3c4c0,slp-2026-07-25-v1-765d7003bbcfc8f7,60,slp-robust-fair-coverage-v5,2026-07-25,4102,conservative,5,2,15,17,20,34,1,34,1,no,No prize
score-2026-07-25-f5ae88020df3c4c0,slp-2026-07-25-v1-765d7003bbcfc8f7,60,slp-robust-fair-coverage-v5,2026-07-25,4102,conservative,6,1,12,18,30,39,5,,0,no,No prize
score-2026-07-25-f5ae88020df3c4c0,slp-2026-07-25-v1-765d7003bbcfc8f7,60,slp-robust-fair-coverage-v5,2026-07-25,4102,conservative,7,5,6,24,35,46,10,,0,no,No prize
score-2026-07-25-f5ae88020df3c4c0,slp-2026-07-25-v1-765d7003bbcfc8f7,60,slp-robust-fair-coverage-v5,2026-07-25,4102,balanced,7,5,23,26,42,47,4,,0,no,No prize
score-2026-07-25-f5ae88020df3c4c0,slp-2026-07-25-v1-765d7003bbcfc8f7,60,slp-robust-fair-coverage-v5,2026-07-25,4102,balanced,8,14,15,22,23,31,9,,0,no,No prize
score-2026-07-25-f5ae88020df3c4c0,slp-2026-07-25-v1-765d7003bbcfc8f7,60,slp-robust-fair-coverage-v5,2026-07-25,4102,conservative,8,9,19,20,32,45,20,,0,no,No prize
score-2026-07-25-f5ae88020df3c4c0,slp-2026-07-25-v1-765d7003bbcfc8f7,60,slp-robust-fair-coverage-v5,2026-07-25,4102,conservative,9,2,6,8,19,40,13,,0,no,No prize
score-2026-07-25-f5ae88020df3c4c0,slp-2026-07-25-v1-765d7003bbcfc8f7,60,slp-robust-fair-coverage-v5,2026-07-25,4102,conservative,10,16,22,28,32,46,21,28,1,no,No prize
score-2026-07-25-f5ae88020df3c4c0,slp-2026-07-25-v1-765d7003bbcfc8f7,60,slp-robust-fair-coverage-v5,2026-07-25,4102,balanced,9,3,27,31,32,44,27,3 27,2,no,No prize
score-2026-07-25-f5ae88020df3c4c0,slp-2026-07-25-v1-765d7003bbcfc8f7,60,slp-robust-fair-coverage-v5,2026-07-25,4102,aggressive,10,19,21,23,33,43,7,,0,no,No prize
score-2026-07-25-f5ae88020df3c4c0,slp-2026-07-25-v1-765d7003bbcfc8f7,60,slp-robust-fair-coverage-v5,2026-07-25,4102,aggressive,11,9,25,30,33,38,21,,0,no,No prize
score-2026-07-25-f5ae88020df3c4c0,slp-2026-07-25-v1-765d7003bbcfc8f7,60,slp-robust-fair-coverage-v5,2026-07-25,4102,balanced,10,5,10,21,29,31,8,29,1,no,No prize
score-2026-07-25-f5ae88020df3c4c0,slp-2026-07-25-v1-765d7003bbcfc8f7,60,slp-robust-fair-coverage-v5,2026-07-25,4102,balanced,11,10,13,18,28,41,12,28,1,yes,1+Mega
score-2026-07-25-f5ae88020df3c4c0,slp-2026-07-25-v1-765d7003bbcfc8f7,60,slp-robust-fair-coverage-v5,2026-07-25,4102,balanced,12,2,16,23,24,36,16,,0,no,No prize
score-2026-07-25-f5ae88020df3c4c0,slp-2026-07-25-v1-765d7003bbcfc8f7,60,slp-robust-fair-coverage-v5,2026-07-25,4102,balanced,13,4,32,34,40,42,5,34,1,no,No prize
score-2026-07-25-f5ae88020df3c4c0,slp-2026-07-25-v1-765d7003bbcfc8f7,60,slp-robust-fair-coverage-v5,2026-07-25,4102,balanced,14,11,20,36,38,46,6,,0,no,No prize
score-2026-07-25-f5ae88020df3c4c0,slp-2026-07-25-v1-765d7003bbcfc8f7,60,slp-robust-fair-coverage-v5,2026-07-25,4102,aggressive,12,4,17,43,44,46,13,,0,no,No prize
score-2026-07-25-f5ae88020df3c4c0,slp-2026-07-25-v1-765d7003bbcfc8f7,60,slp-robust-fair-coverage-v5,2026-07-25,4102,aggressive,13,2,12,31,35,38,15,,0,no,No prize
score-2026-07-25-f5ae88020df3c4c0,slp-2026-07-25-v1-765d7003bbcfc8f7,60,slp-robust-fair-coverage-v5,2026-07-25,4102,conservative,11,2,11,28,42,45,23,28,1,no,No prize
score-2026-07-25-f5ae88020df3c4c0,slp-2026-07-25-v1-765d7003bbcfc8f7,60,slp-robust-fair-coverage-v5,2026-07-25,4102,aggressive,14,2,22,33,37,39,8,,0,no,No prize
score-2026-07-25-f5ae88020df3c4c0,slp-2026-07-25-v1-765d7003bbcfc8f7,60,slp-robust-fair-coverage-v5,2026-07-25,4102,balanced,15,21,24,28,34,38,11,28 34,2,no,No prize
score-2026-07-25-f5ae88020df3c4c0,slp-2026-07-25-v1-765d7003bbcfc8f7,60,slp-robust-fair-coverage-v5,2026-07-25,4102,conservative,12,10,12,22,24,44,26,,0,no,No prize
score-2026-07-25-f5ae88020df3c4c0,slp-2026-07-25-v1-765d7003bbcfc8f7,60,slp-robust-fair-coverage-v5,2026-07-25,4102,balanced,16,3,12,13,21,37,13,3,1,no,No prize
score-2026-07-25-f5ae88020df3c4c0,slp-2026-07-25-v1-765d7003bbcfc8f7,60,slp-robust-fair-coverage-v5,2026-07-25,4102,conservative,13,3,11,24,41,47,5,3,1,no,No prize
score-2026-07-25-f5ae88020df3c4c0,slp-2026-07-25-v1-765d7003bbcfc8f7,60,slp-robust-fair-coverage-v5,2026-07-25,4102,conservative,14,6,17,30,31,37,14,,0,no,No prize
score-2026-07-25-f5ae88020df3c4c0,slp-2026-07-25-v1-765d7003bbcfc8f7,60,slp-robust-fair-coverage-v5,2026-07-25,4102,conservative,15,7,14,24,26,45,25,,0,no,No prize
score-2026-07-25-f5ae88020df3c4c0,slp-2026-07-25-v1-765d7003bbcfc8f7,60,slp-robust-fair-coverage-v5,2026-07-25,4102,conservative,16,1,3,14,16,43,19,3,1,no,No prize
score-2026-07-25-f5ae88020df3c4c0,slp-2026-07-25-v1-765d7003bbcfc8f7,60,slp-robust-fair-coverage-v5,2026-07-25,4102,conservative,17,8,15,30,41,43,15,,0,no,No prize
score-2026-07-25-f5ae88020df3c4c0,slp-2026-07-25-v1-765d7003bbcfc8f7,60,slp-robust-fair-coverage-v5,2026-07-25,4102,conservative,18,10,27,30,34,47,19,27 34,2,no,No prize
score-2026-07-25-f5ae88020df3c4c0,slp-2026-07-25-v1-765d7003bbcfc8f7,60,slp-robust-fair-coverage-v5,2026-07-25,4102,conservative,19,1,8,21,42,46,14,,0,no,No prize
score-2026-07-25-f5ae88020df3c4c0,slp-2026-07-25-v1-765d7003bbcfc8f7,60,slp-robust-fair-coverage-v5,2026-07-25,4102,conservative,20,18,22,34,35,36,22,34,1,no,No prize
score-2026-07-25-f5ae88020df3c4c0,slp-2026-07-25-v1-765d7003bbcfc8f7,60,slp-robust-fair-coverage-v5,2026-07-25,4102,aggressive,15,9,12,17,23,40,2,,0,no,No prize
score-2026-07-25-f5ae88020df3c4c0,slp-2026-07-25-v1-765d7003bbcfc8f7,60,slp-robust-fair-coverage-v5,2026-07-25,4102,aggressive,16,1,6,11,26,32,15,,0,no,No prize
score-2026-07-25-f5ae88020df3c4c0,slp-2026-07-25-v1-765d7003bbcfc8f7,60,slp-robust-fair-coverage-v5,2026-07-25,4102,aggressive,17,6,7,12,25,42,1,,0,no,No prize
score-2026-07-25-f5ae88020df3c4c0,slp-2026-07-25-v1-765d7003bbcfc8f7,60,slp-robust-fair-coverage-v5,2026-07-25,4102,aggressive,18,4,7,16,20,37,11,,0,no,No prize
score-2026-07-25-f5ae88020df3c4c0,slp-2026-07-25-v1-765d7003bbcfc8f7,60,slp-robust-fair-coverage-v5,2026-07-25,4102,aggressive,19,13,20,26,39,44,16,,0,no,No prize
score-2026-07-25-f5ae88020df3c4c0,slp-2026-07-25-v1-765d7003bbcfc8f7,60,slp-robust-fair-coverage-v5,2026-07-25,4102,aggressive,20,1,7,10,23,35,6,,0,no,No prize
score-2026-07-25-f5ae88020df3c4c0,slp-2026-07-25-v1-765d7003bbcfc8f7,60,slp-robust-fair-coverage-v5,2026-07-25,4102,balanced,17,8,9,26,35,37,17,,0,no,No prize
score-2026-07-25-f5ae88020df3c4c0,slp-2026-07-25-v1-765d7003bbcfc8f7,60,slp-robust-fair-coverage-v5,2026-07-25,4102,balanced,18,5,13,16,17,45,3,,0,no,No prize
score-2026-07-25-f5ae88020df3c4c0,slp-2026-07-25-v1-765d7003bbcfc8f7,60,slp-robust-fair-coverage-v5,2026-07-25,4102,balanced,19,11,17,25,27,39,24,27,1,no,No prize
score-2026-07-25-f5ae88020df3c4c0,slp-2026-07-25-v1-765d7003bbcfc8f7,60,slp-robust-fair-coverage-v5,2026-07-25,4102,balanced,20,9,27,29,41,46,22,27 29,2,no,No prize
